sexo,nome,estadoCivil
Masculino,Dr. Leonardo da Rocha,Solteiro(a)
Feminino,Lucas Gabriel Vieira,Solteiro(a)
Feminino,Paulo Ramos,Solteiro(a)
Feminino,Isadora Mendes,Solteiro(a)
Feminino,Dra. Maria Julia Dias,Solteiro(a)
Masculino,Manuela Melo,Casado(a)
Masculino,Isis Lima,Casado(a)
Feminino,Eduarda Silveira,Casado(a)
Feminino,Maysa Caldeira,Solteiro(a)
Feminino,Emanuella Araújo,Solteiro(a)
Masculino,Alexandre Fogaça,Casado(a)
Feminino,Murilo Cavalcanti,Casado(a)
Masculino,Sra. Ana Laura Silveira,Solteiro(a)
Masculino,Manuela Ramos,Solteiro(a)
Feminino,Maria Fernanda FariasFernandes,Solteiro(a)
Feminino,Rodrigo Lima,Solteiro(a)
Feminino,Noah Souza,Casado(a)
Feminino,Sra. Vitória Caldeira,Solteiro(a)
Masculino,Luiza Costela,Casado(a)
Feminino,Maria Clara Fogaça,Casado(a)
Feminino,Enrico Nunes,Solteiro(a)
Masculino,João Pedro da Rocha,Solteiro(a)
Feminino,Rafael Silveira,Casado(a)
Masculino,Lorena Moraes,Solteiro(a)
Masculino,Davi Luiz Freitas,Solteiro(a)
Feminino,Nathan Carvalho,Solteiro(a)
Feminino,Daniel Rodrigues,Casado(a)
Feminino,Lara da Mata,Casado(a)
Masculino,Raquel Rodrigues,Casado(a)
Masculino,Ryan Porto,Casado(a)
Masculino,Alana Jesus,Solteiro(a)
Masculino,Kaique Gonçalves,Casado(a)
Feminino,Gabrielly Aragão,Casado(a)
Masculino,Sra. Júlia Pinto,Solteiro(a)
Masculino,Kaique Sales,Solteiro(a)
Feminino,João Lucas Lima,Casado(a)
Feminino,Agatha Barros,Casado(a)
Masculino,João Felipe Vieira,Solteiro(a)
Feminino,Eduarda Cunha,Solteiro(a)
Feminino,Sra. Eduarda Porto,Solteiro(a)
Masculino,Dr. Marcos Vinicius Cunha,Solteiro(a)
Feminino,Yasmin Oliveira,Solteiro(a)
Feminino,Dr. Diogo da Rosa,Solteiro(a)
Feminino,Lívia Barros,Solteiro(a)
Masculino,Dr. Heitor Jesus,Casado(a)
Feminino,Natália FariasFernandes,Solteiro(a)
Masculino,Igor Nascimento,Casado(a)
Masculino,Samuel Araújo,Solteiro(a)
Masculino,Pedro Castro,Solteiro(a)
Masculino,Maria Julia Cunha,Casado(a)
Feminino,Bruno Gomes,Solteiro(a)
Masculino,Nicole da Cunha,Casado(a)
Masculino,Sophie Almeida,Solteiro(a)
Feminino,Augusto Silva,Casado(a)
Masculino,Ana Laura Lima,Casado(a)
Feminino,Lívia Mendes,Casado(a)
Masculino,Gabrielly da Mata,Solteiro(a)
Feminino,Dra. Emilly Costa,Solteiro(a)
Feminino,Pietro Melo,Solteiro(a)
Feminino,Sr. Luigi Castro,Solteiro(a)
Feminino,Augusto Caldeira,Casado(a)
Masculino,Davi Lucas da Rocha,Solteiro(a)
Feminino,Ian Melo,Solteiro(a)
Feminino,Mirella da Cruz,Solteiro(a)
Feminino,Raquel Moraes,Solteiro(a)
Feminino,Augusto Gonçalves,Casado(a)
Feminino,Kevin Lopes,Solteiro(a)
Masculino,Benício Ribeiro,Casado(a)
Feminino,Dra. Beatriz Costela,Solteiro(a)
Feminino,"André Cardoso,",Solteiro(a)
Masculino,Luiz Felipe da Mata,Solteiro(a)
Feminino,Maria Vitória Nunes,Solteiro(a)
Masculino,Clara Fogaça,Casado(a)
Masculino,Enzo Peixoto,Casado(a)
Feminino,Catarina Souza,Solteiro(a)
Masculino,Daniela Azevedo,Casado(a)
Masculino,Davi Lucca Melo,Casado(a)
Masculino,Alexia Pinto,Casado(a)
Feminino,Cecília Barros,Solteiro(a)
Feminino,Isabel Souza,Solteiro(a)
Masculino,Theo Moreira,Casado(a)
Masculino,Agatha Oliveira,Solteiro(a)
Feminino,Stephany Silva,Casado(a)
Feminino,Sra. Ana Carolina Costela,Casado(a)
Masculino,Sabrina Viana,Solteiro(a)
Masculino,Catarina Porto,Casado(a)
Feminino,Bruna Nunes,Solteiro(a)
Feminino,Isaac Rezende,Solteiro(a)
Feminino,Daniela Cavalcanti,Casado(a)
Feminino,Dra. Mariana Ferreira,Solteiro(a)
Feminino,Henrique Costa,Solteiro(a)
Masculino,Noah Nascimento,Casado(a)
Masculino,Maysa Lima,Solteiro(a)
Feminino,Ana Vitória Costela,Casado(a)
Feminino,Eloah Dias,Solteiro(a)
Masculino,Isaac Gonçalves,Casado(a)
Feminino,João Lucas Costela,Solteiro(a)
Masculino,Bruna Gomes,Solteiro(a)
Feminino,Carlos Eduardo Costa,Solteiro(a)
Feminino,Davi Lucca Mendes,Solteiro(a)
Feminino,Helena da Mata,Solteiro(a)
Feminino,Leandro Monteiro,Casado(a)
Feminino,Vicente da Cruz,Solteiro(a)
Feminino,Mirella Moraes,Solteiro(a)
Masculino,Bárbara Silva,Solteiro(a)
Feminino,Diego Pereira,Casado(a)
Masculino,Luiz Otávio Santos,Solteiro(a)
Feminino,Bianca Moraes,Solteiro(a)
Masculino,Maria Fernanda Nascimento,Casado(a)
Feminino,Pietra Nogueira,Casado(a)
Masculino,Dra. Ana Laura da Rocha,Solteiro(a)
Masculino,Raquel Alves,Casado(a)
Masculino,Lorenzo Oliveira,Casado(a)
Masculino,Dr. Anthony das Neves,Solteiro(a)
Feminino,Luiz Felipe da Cunha,Solteiro(a)
Masculino,Breno Sales,Casado(a)
Feminino,Ana Vitória Campos,Casado(a)
Masculino,Luiz Felipe Peixoto,Solteiro(a)
Feminino,Ana Júlia Barbosa,Casado(a)
Feminino,Maria Silva,Casado(a)
Masculino,Dr. Bryan da Costa,Solteiro(a)
Feminino,Alícia FariasFernandes,Solteiro(a)
Feminino,Isaac Rocha,Solteiro(a)
Feminino,Cauã Pires,Solteiro(a)
Masculino,Ian da Luz,Solteiro(a)
Masculino,Nathan da Cruz,Casado(a)
Feminino,Joana da Cruz,Solteiro(a)
Feminino,João Duarte,Solteiro(a)
Feminino,Bianca Souza,Solteiro(a)
Feminino,André Melo,Casado(a)
Masculino,Alice Costa,Solteiro(a)
Feminino,Vitor das Neves,Casado(a)
Masculino,Ana Júlia da Luz,Solteiro(a)
Feminino,Sr. João Miguel Novaes,Casado(a)
Feminino,Matheus da Costa,Solteiro(a)
Masculino,Ana Vitória Moraes,Solteiro(a)
Masculino,Daniela Nascimento,Solteiro(a)
Masculino,Maria Sophia FariasFernandes,Casado(a)
Feminino,Caio Pereira,Solteiro(a)
Feminino,Gustavo Henrique Nunes,Casado(a)
Masculino,Paulo Dias,Solteiro(a)
Masculino,Danilo Gomes,Solteiro(a)
Feminino,Stella Moraes,Casado(a)
Masculino,Vitor Dias,Solteiro(a)
Masculino,Lívia Ferreira,Solteiro(a)
Masculino,Caroline Alves,Solteiro(a)
Feminino,Bernardo Ribeiro,Solteiro(a)
Masculino,Henrique Santos,Solteiro(a)
Masculino,Ian Jesus,Casado(a)
Feminino,Isaac da Paz,Solteiro(a)
Masculino,Kamilly Silva,Casado(a)
Feminino,Davi Lucca Oliveira,Casado(a)
Feminino,Caio da Cunha,Solteiro(a)
Masculino,Benício Oliveira,Casado(a)
Masculino,"Lorenzo Cardoso,",Casado(a)
Feminino,Eduarda Moraes,Casado(a)
Masculino,Beatriz Freitas,Solteiro(a)
Feminino,Maysa Cavalcanti,Solteiro(a)
Masculino,Henrique da Rocha,Solteiro(a)
Feminino,Vitória Martins,Solteiro(a)
Feminino,João Miguel Nunes,Casado(a)
Masculino,Heloísa Azevedo,Solteiro(a)
Feminino,Breno Teixeira,Solteiro(a)
Feminino,Srta. Alana Barbosa,Solteiro(a)
Feminino,Kevin Souza,Solteiro(a)
Masculino,Pietro Cardoso,Casado(a)
Masculino,Alexandre Novaes,Casado(a)
Masculino,Carlos Eduardo da Cunha,Casado(a)
Feminino,Marcela Correia,Solteiro(a)
Feminino,André da Paz,Casado(a)
Feminino,Pedro Miguel Ramos,Solteiro(a)
Masculino,Camila Ribeiro,Casado(a)
Masculino,Diego Gonçalves,Casado(a)
Masculino,Sr. Luiz Gustavo Rodrigues,Solteiro(a)
Masculino,Isadora Costela,Solteiro(a)
Masculino,Brenda da Mota,Solteiro(a)
Masculino,Maria Julia da Costa,Casado(a)
Masculino,Bryan Martins,Solteiro(a)
Masculino,Sr. Diego Moura,Casado(a)
Masculino,Srta. Joana Vieira,Solteiro(a)
Masculino,Felipe Ramos,Casado(a)
Feminino,Sabrina Teixeira,Solteiro(a)
Feminino,Marcelo Ramos,Solteiro(a)
Feminino,Cauã Lopes,Solteiro(a)
Feminino,Maria Sophia Melo,Solteiro(a)
Masculino,Guilherme Barbosa,Solteiro(a)
Masculino,Lavínia da Cunha,Casado(a)
Masculino,Dr. Vitor Cunha,Solteiro(a)
Masculino,Vicente Lopes,Casado(a)
Feminino,Srta. Nicole da Mota,Casado(a)
Masculino,Ana Laura Castro,Solteiro(a)
Masculino,Igor da Costa,Casado(a)
Masculino,Ana Vitória Peixoto,Casado(a)
Feminino,João Nascimento,Casado(a)
Masculino,Ana Beatriz da Luz,Casado(a)
Masculino,Rafaela Freitas,Casado(a)
Masculino,Dr. Augusto Cunha,Solteiro(a)
Masculino,Sr. Caio Cardoso,Solteiro(a)
Masculino,Maria Julia Cunha,Solteiro(a)
Masculino,Maria Eduarda Moura,Casado(a)
Masculino,Enzo Gabriel Monteiro,Solteiro(a)
Feminino,Thomas da Cunha,Solteiro(a)
Feminino,João Melo,Casado(a)
Masculino,Isis Freitas,Solteiro(a)
Feminino,Davi Lucca Melo,Solteiro(a)
Feminino,Gabrielly Porto,Solteiro(a)
Feminino,Ana Júlia Nogueira,Casado(a)
Feminino,João Vitor da Mota,Solteiro(a)
Masculino,Pietra Rocha,Casado(a)
Feminino,Emanuella Almeida,Casado(a)
Feminino,Dr. Benício Azevedo,Casado(a)
Masculino,Clarice Costa,Solteiro(a)
Feminino,João Felipe Almeida,Casado(a)
Feminino,Alana Sales,Solteiro(a)
Masculino,Luiz Miguel Castro,Solteiro(a)
Masculino,Laís da Paz,Solteiro(a)
Feminino,Dr. Luiz Miguel Peixoto,Casado(a)
Feminino,Daniela Santos,Casado(a)
Masculino,Maria Clara Fogaça,Casado(a)
Masculino,Rebeca da Cruz,Casado(a)
Feminino,Esther Carvalho,Casado(a)
Masculino,Yago da Mota,Casado(a)
Feminino,Srta. Lara Pires,Solteiro(a)
Masculino,Bianca Caldeira,Solteiro(a)
Masculino,Ana Lívia Carvalho,Casado(a)
Masculino,Lara Teixeira,Casado(a)
Masculino,Mariane Jesus,Casado(a)
Masculino,Dra. Gabrielly Costa,Casado(a)
Masculino,Lucas Gabriel das Neves,Casado(a)
Masculino,Anthony Costela,Solteiro(a)
Masculino,Dr. Gustavo Rezende,Casado(a)
Masculino,Benício Cunha,Solteiro(a)
Masculino,Vicente da Mota,Solteiro(a)
Masculino,Ana Sophia Rezende,Casado(a)
Feminino,Heloísa Martins,Solteiro(a)
Masculino,Isaac Santos,Solteiro(a)
Feminino,Matheus Silva,Solteiro(a)
Masculino,Luigi da Mota,Casado(a)
Feminino,Diego da Mota,Casado(a)
Feminino,João Lucas Lopes,Casado(a)
Masculino,Srta. Bianca Melo,Solteiro(a)
Feminino,Dra. Joana Fogaça,Casado(a)
Masculino,Dr. Lorenzo Rodrigues,Casado(a)
Feminino,João Lucas Fogaça,Solteiro(a)
Masculino,Sra. Amanda Castro,Casado(a)
Feminino,Enzo Gabriel da Mata,Casado(a)
Feminino,Heitor Nascimento,Casado(a)
Masculino,Srta. Isabella da Rosa,Casado(a)
Feminino,Dra. Bianca das Neves,Solteiro(a)
Feminino,Benjamin Gomes,Solteiro(a)
Feminino,Luiz Gustavo Moraes,Solteiro(a)
Masculino,Laís Dias,Solteiro(a)
Masculino,Olivia das Neves,Solteiro(a)
Masculino,"Isadora Cardoso,",Casado(a)
Masculino,Nicolas Barbosa,Casado(a)
Feminino,Renan Moraes,Solteiro(a)
Feminino,Nina Araújo,Solteiro(a)
Feminino,Srta. Rafaela Duarte,Solteiro(a)
Masculino,Isis Dias,Solteiro(a)
Masculino,Lucas da Mota,Casado(a)
Feminino,Lara Nunes,Solteiro(a)
Masculino,Maria Julia Pires,Solteiro(a)
Feminino,Vitor Gabriel Ramos,Casado(a)
Masculino,Luiz Felipe Caldeira,Solteiro(a)
Feminino,Laura Souza,Casado(a)
Masculino,Henrique Caldeira,Casado(a)
Feminino,Eloah Ramos,Solteiro(a)
Masculino,Brenda Nascimento,Solteiro(a)
Masculino,Maria Gomes,Solteiro(a)
Feminino,Isis Lima,Solteiro(a)
Feminino,Emanuelly Castro,Solteiro(a)
Masculino,Vicente Nogueira,Solteiro(a)
Feminino,Dr. Luiz Henrique Rezende,Solteiro(a)
Masculino,Isabelly Porto,Solteiro(a)
Feminino,Bruno Pinto,Casado(a)
Masculino,Dr. Francisco da Cruz,Casado(a)
Masculino,Sra. Luiza Lima,Casado(a)
Feminino,Maria Carvalho,Casado(a)
Feminino,Nicole Nunes,Casado(a)
Feminino,Dra. Ana Beatriz Cardoso,Solteiro(a)
Feminino,Melissa Barros,Solteiro(a)
Masculino,Rafaela Moreira,Casado(a)
Masculino,Rafaela da Mata,Casado(a)
Masculino,Ana Vitória Correia,Solteiro(a)
Masculino,Sabrina Sales,Solteiro(a)
Feminino,Stephany Silva,Casado(a)
Masculino,Dr. João Gabriel Nogueira,Solteiro(a)
Masculino,Catarina da Mata,Solteiro(a)
Masculino,Felipe da Cunha,Solteiro(a)
Masculino,João Miguel das Neves,Solteiro(a)
Feminino,Vitor Silva,Casado(a)
Masculino,João Teixeira,Casado(a)
Masculino,Fernanda Souza,Casado(a)
Masculino,Gabriela Santos,Solteiro(a)
Feminino,Nina Santos,Solteiro(a)
Masculino,Júlia Jesus,Casado(a)
Feminino,Dr. Alexandre Alves,Solteiro(a)
Masculino,Sr. Benjamin Gonçalves,Solteiro(a)
Feminino,"Sabrina Cardoso,",Solteiro(a)
Feminino,Vitória Costa,Solteiro(a)
Masculino,Arthur Cardoso,Casado(a)
Feminino,Emanuelly da Cruz,Solteiro(a)
Feminino,Sra. Júlia Rocha,Solteiro(a)
Masculino,Pedro Teixeira,Solteiro(a)
Feminino,Juliana Pires,Casado(a)
Feminino,Clarice Moreira,Casado(a)
Masculino,Mariana Cunha,Casado(a)
Masculino,Ana Clara Araújo,Solteiro(a)
Feminino,Maria Vitória da Rocha,Casado(a)
Feminino,Evelyn Peixoto,Solteiro(a)
Feminino,Olivia Azevedo,Casado(a)
Feminino,Erick Aragão,Solteiro(a)
Masculino,Dra. Julia Ribeiro,Casado(a)
Feminino,Ana Júlia Moreira,Solteiro(a)
Masculino,Mariane Sales,Casado(a)
Masculino,Otávio Silveira,Casado(a)
Feminino,Sra. Stephany da Costa,Casado(a)
Feminino,Calebe Correia,Solteiro(a)
Feminino,Luna Correia,Casado(a)
Feminino,Kamilly da Paz,Solteiro(a)
Masculino,Isabelly Dias,Casado(a)
Masculino,Brenda Lopes,Casado(a)
Masculino,Esther Campos,Solteiro(a)
Feminino,Stephany Aragão,Solteiro(a)
Masculino,Levi das Neves,Casado(a)
Masculino,João Vitor da Rosa,Casado(a)
Feminino,Sr. Benício Moura,Casado(a)
Feminino,Miguel Caldeira,Casado(a)
Feminino,Maria Cecília Nascimento,Solteiro(a)
Masculino,Luiza Melo,Solteiro(a)
Feminino,Pietra Costa,Casado(a)
Feminino,Kamilly Silva,Solteiro(a)
Masculino,"Maria Luiza Cardoso,",Casado(a)
Masculino,Dra. Raquel da Cruz,Casado(a)
Feminino,Fernanda da Mota,Casado(a)
Masculino,Kaique Cunha,Casado(a)
Masculino,Lavínia Fogaça,Casado(a)
Masculino,Alexandre Vieira,Solteiro(a)
Masculino,Ian Santos,Casado(a)
Feminino,Ana Vitória Jesus,Casado(a)
Feminino,Ana Lívia Vieira,Solteiro(a)
Masculino,Luiz Miguel Peixoto,Solteiro(a)
Masculino,Natália Pires,Casado(a)
Masculino,Maria Alice Campos,Solteiro(a)
Feminino,Beatriz Mendes,Casado(a)
Feminino,Dr. Nathan Moreira,Casado(a)
Feminino,Dr. Nathan Dias,Solteiro(a)
Feminino,Evelyn Gonçalves,Casado(a)
Feminino,Sr. Guilherme Rodrigues,Solteiro(a)
Feminino,João Vitor Almeida,Casado(a)
Masculino,Alícia da Paz,Solteiro(a)
Feminino,Vitor Nogueira,Casado(a)
Masculino,Joana Lima,Solteiro(a)
Feminino,Heitor da Rocha,Solteiro(a)
Masculino,João Felipe Moura,Solteiro(a)
Feminino,Diego Moreira,Solteiro(a)
Masculino,Guilherme da Cunha,Casado(a)
Feminino,Renan Sales,Casado(a)
Masculino,Gabrielly Mendes,Casado(a)
Masculino,Otávio da Rocha,Solteiro(a)
Feminino,Davi Lucas da Cunha,Solteiro(a)
Masculino,Julia Oliveira,Solteiro(a)
Feminino,Leandro Costela,Solteiro(a)
Feminino,Srta. Julia Duarte,Solteiro(a)
Feminino,Maria Cecília Costela,Solteiro(a)
Feminino,Vicente Fogaça,Solteiro(a)
Masculino,Sra. Marina Carvalho,Casado(a)
Masculino,Sr. Leonardo Costela,Solteiro(a)
Feminino,Dr. Luiz Miguel Cavalcanti,Solteiro(a)
Feminino,Danilo Fogaça,Solteiro(a)
Masculino,Yasmin FariasFernandes,Solteiro(a)
Feminino,Marina Nogueira,Casado(a)
Masculino,Emilly da Rosa,Solteiro(a)
Feminino,Mirella Costa,Solteiro(a)
Masculino,Srta. Ana Clara Jesus,Casado(a)
Feminino,Natália Rocha,Casado(a)
Masculino,André Martins,Solteiro(a)
Feminino,Juliana Jesus,Solteiro(a)
Masculino,Maria Cecília Pereira,Solteiro(a)
Feminino,Anthony da Cruz,Solteiro(a)
Feminino,Sophia Fogaça,Solteiro(a)
Feminino,André Correia,Casado(a)
Masculino,Pedro Souza,Solteiro(a)
Feminino,Dr. Ian Nunes,Casado(a)
Masculino,Francisco Ribeiro,Solteiro(a)
Feminino,Guilherme Mendes,Solteiro(a)
Masculino,Cauê Freitas,Casado(a)
Masculino,Davi Luiz Almeida,Casado(a)
Feminino,Sr. Bruno Nascimento,Casado(a)
Feminino,Caio Souza,Casado(a)
Masculino,Luiz Miguel Moura,Casado(a)
Masculino,Erick Ferreira,Casado(a)
Feminino,Sra. Elisa da Conceição,Casado(a)
Feminino,Maria Vitória Ferreira,Solteiro(a)
Masculino,Marina da Costa,Casado(a)
Feminino,Pedro Henrique Teixeira,Solteiro(a)
Feminino,Sr. Davi Luiz Pires,Solteiro(a)
Masculino,Maria Alice Lima,Solteiro(a)
Feminino,Vitor Gabriel das Neves,Solteiro(a)
Feminino,Fernando Santos,Solteiro(a)
Masculino,Maria Alice Pinto,Casado(a)
Masculino,Rafaela Costa,Casado(a)
Masculino,Thales Araújo,Casado(a)
Masculino,João Felipe Nunes,Solteiro(a)
Masculino,Srta. Ana Vitória da Rocha,Casado(a)
Feminino,João Guilherme Barros,Solteiro(a)
Feminino,Cecília Rodrigues,Casado(a)
Feminino,Gabriel Oliveira,Casado(a)
Feminino,Raul Pereira,Solteiro(a)
Feminino,Stephany da Mota,Solteiro(a)
Feminino,Dr. Ian Souza,Solteiro(a)
Masculino,Dra. Marina Moreira,Casado(a)
Masculino,Mirella Rezende,Solteiro(a)
Masculino,Alana Moreira,Solteiro(a)
Masculino,Miguel Dias,Casado(a)
Masculino,João Guilherme Cardoso,Casado(a)
Feminino,Francisco Gonçalves,Solteiro(a)
Feminino,Sophia da Costa,Casado(a)
Masculino,João Gabriel Pereira,Casado(a)
Masculino,Daniel Rocha,Casado(a)
Feminino,Diogo Nunes,Casado(a)
Feminino,Davi Luiz Cavalcanti,Solteiro(a)
Feminino,Srta. Stella Nascimento,Solteiro(a)
Feminino,João Lucas Martins,Casado(a)
Feminino,Ana Laura Nascimento,Solteiro(a)
Masculino,Paulo Santos,Casado(a)
Feminino,Dr. Nathan Cavalcanti,Casado(a)
Feminino,Sr. Otávio Costa,Solteiro(a)
Masculino,Dr. Caio Costa,Casado(a)
Masculino,Luiz Fernando Fogaça,Solteiro(a)
Feminino,Beatriz da Conceição,Solteiro(a)
Feminino,Sofia Oliveira,Casado(a)
Feminino,Ana Luiza Vieira,Solteiro(a)
Feminino,Rodrigo Duarte,Solteiro(a)
Masculino,Bruna Rezende,Solteiro(a)
Masculino,Catarina Cavalcanti,Casado(a)
Masculino,Ian Campos,Casado(a)
Feminino,Sra. Elisa da Cunha,Solteiro(a)
Masculino,Alícia Barbosa,Casado(a)
Feminino,Dra. Stella Melo,Solteiro(a)
Feminino,Ana Clara Rodrigues,Solteiro(a)
Feminino,Sr. Lucca da Rocha,Casado(a)
Feminino,André Oliveira,Casado(a)
Feminino,Eduarda Gomes,Casado(a)
Feminino,Thiago Araújo,Solteiro(a)
Masculino,Vitor Gabriel da Cunha,Solteiro(a)
Feminino,Ana Carolina Costa,Solteiro(a)
Masculino,Sophia da Cruz,Casado(a)
Masculino,Vitor Gabriel Campos,Solteiro(a)
Feminino,Diogo Moreira,Solteiro(a)
Masculino,Bárbara Santos,Casado(a)
Feminino,João Vitor da Conceição,Solteiro(a)
Masculino,Sra. Maitê Costa,Solteiro(a)
Masculino,Lara Castro,Solteiro(a)
Feminino,Eduardo Nascimento,Solteiro(a)
Feminino,Dr. Lucas Gabriel da Cunha,Solteiro(a)
Masculino,Emilly Teixeira,Solteiro(a)
Feminino,Dr. Nathan Souza,Solteiro(a)
Feminino,Sra. Juliana Lopes,Casado(a)
Feminino,Milena Cavalcanti,Solteiro(a)
Masculino,Ana Laura Souza,Casado(a)
Masculino,Dr. Bryan Rocha,Solteiro(a)
Masculino,Giovanna Teixeira,Casado(a)
Feminino,Srta. Alexia Rezende,Casado(a)
Feminino,Lavínia Novaes,Solteiro(a)
Feminino,Emanuelly Ribeiro,Solteiro(a)
Masculino,Benício Vieira,Solteiro(a)
Feminino,Cecília FariasFernandes,Solteiro(a)
Masculino,Cauê Costela,Casado(a)
Feminino,Ian Carvalho,Casado(a)
Masculino,Luiz Otávio Oliveira,Solteiro(a)
Feminino,Vinicius Azevedo,Solteiro(a)
Masculino,Sr. Benjamin Campos,Solteiro(a)
Masculino,Gabriel Cardoso,Solteiro(a)
Feminino,Melissa da Rocha,Solteiro(a)
Feminino,Cauê Silveira,Solteiro(a)
Masculino,Sra. Mirella Rocha,Solteiro(a)
Feminino,Anthony das Neves,Casado(a)
Feminino,Rafaela Ramos,Casado(a)
Feminino,Rafaela Silveira,Solteiro(a)
Feminino,João Gabriel Caldeira,Solteiro(a)
Feminino,Dr. João Pedro Moreira,Casado(a)
Masculino,Carlos Eduardo Rezende,Solteiro(a)
Feminino,Vitor Hugo FariasFernandes,Casado(a)
Masculino,Alana Silva,Solteiro(a)
Feminino,Bianca Moraes,Solteiro(a)
Masculino,Srta. Luna Martins,Solteiro(a)
Masculino,Danilo Almeida,Solteiro(a)
Feminino,Stephany Teixeira,Casado(a)
Masculino,Beatriz da Rosa,Solteiro(a)
Feminino,Sr. Luigi Dias,Casado(a)
Feminino,Esther Cavalcanti,Casado(a)
Masculino,Sra. Ana Julia Araújo,Casado(a)
Masculino,Maria Cecília da Costa,Casado(a)
Masculino,Sr. Kevin da Mota,Solteiro(a)
Feminino,Rafael Carvalho,Solteiro(a)
Feminino,João Lima,Casado(a)
Feminino,Pedro Costela,Solteiro(a)
Masculino,Laura Pereira,Casado(a)
Feminino,Catarina Jesus,Solteiro(a)
Feminino,Amanda Novaes,Casado(a)
Feminino,Luiza Peixoto,Casado(a)
Feminino,Maria Sophia Santos,Casado(a)
Masculino,Pedro Henrique Cunha,Casado(a)
Feminino,Srta. Emanuella Moraes,Solteiro(a)
Masculino,Amanda Sales,Solteiro(a)
Feminino,Levi Oliveira,Solteiro(a)
Feminino,Diogo Correia,Solteiro(a)
Masculino,Daniela Silva,Casado(a)
Masculino,Júlia Duarte,Casado(a)
Feminino,Julia Duarte,Solteiro(a)
Feminino,"Dr. Leandro Cardoso,",Solteiro(a)
Feminino,Olivia Rezende,Casado(a)
Masculino,Yasmin Freitas,Solteiro(a)
Masculino,Luiz Miguel da Paz,Casado(a)
Masculino,Gustavo Henrique Carvalho,Casado(a)
Feminino,Antônio Araújo,Solteiro(a)
Feminino,Raul FariasFernandes,Casado(a)
Masculino,Emanuella FariasFernandes,Solteiro(a)
Masculino,Sophie FariasFernandes,Solteiro(a)
Feminino,Sr. Pietro Porto,Solteiro(a)
Masculino,Enzo Gabriel Dias,Solteiro(a)
Feminino,Olivia Alves,Solteiro(a)
Masculino,Sarah Rocha,Solteiro(a)
Feminino,Murilo da Conceição,Solteiro(a)
Feminino,Raquel Nogueira,Solteiro(a)
Masculino,Alícia da Rocha,Casado(a)
Masculino,Gustavo Freitas,Casado(a)
Feminino,Lucca Pires,Casado(a)
Masculino,Luana Souza,Casado(a)
Feminino,Gabriela Gomes,Casado(a)
Masculino,Miguel Aragão,Casado(a)
Masculino,Kaique Oliveira,Solteiro(a)
Masculino,Fernando Caldeira,Casado(a)
Feminino,Larissa Araújo,Casado(a)
Feminino,Juliana Ferreira,Casado(a)
Masculino,Eduarda Oliveira,Solteiro(a)
Feminino,Benício Gomes,Casado(a)
Masculino,Sr. Felipe da Conceição,Solteiro(a)
Feminino,Augusto da Cunha,Solteiro(a)
Feminino,Kevin Fogaça,Solteiro(a)
Masculino,Dra. Emanuella Souza,Solteiro(a)
Masculino,Emanuel Mendes,Casado(a)
Feminino,Thiago Moreira,Casado(a)
Masculino,Ana Beatriz Novaes,Solteiro(a)
Feminino,Caio da Mota,Solteiro(a)
Feminino,Eloah da Luz,Solteiro(a)
Masculino,Lucca Gomes,Casado(a)
Masculino,Diego Nogueira,Casado(a)
Feminino,André Jesus,Casado(a)
Feminino,Sr. Renan Alves,Casado(a)
Masculino,Anthony Teixeira,Casado(a)
Feminino,Yago Nogueira,Solteiro(a)
Feminino,Isabel Costela,Casado(a)
Feminino,Alana Rodrigues,Casado(a)
Masculino,Dr. Thiago Barros,Casado(a)
Feminino,Lívia Martins,Casado(a)
Feminino,Thomas Barbosa,Casado(a)
Feminino,Lavínia da Paz,Casado(a)
Masculino,Yuri Carvalho,Solteiro(a)
Masculino,Pedro Henrique Rodrigues,Solteiro(a)
Feminino,Gustavo Oliveira,Solteiro(a)
Feminino,Emanuel FariasFernandes,Casado(a)
Feminino,Isadora Moraes,Casado(a)
Masculino,Henrique Vieira,Casado(a)
Masculino,Gabriela Rodrigues,Solteiro(a)
Feminino,Anthony Lopes,Casado(a)
Masculino,Raul Lima,Solteiro(a)
Masculino,Heitor Gomes,Solteiro(a)
Masculino,Heitor Caldeira,Solteiro(a)
Masculino,"Benjamin Cardoso,",Casado(a)
Masculino,Lorena Ferreira,Solteiro(a)
Masculino,Sr. Cauê Santos,Casado(a)
Feminino,Gabriela Almeida,Casado(a)
Feminino,"Agatha Cardoso,",Solteiro(a)
Feminino,Luiza Almeida,Solteiro(a)
Masculino,Isadora Costela,Casado(a)
Masculino,Rafaela Viana,Solteiro(a)
Masculino,Bernardo Moreira,Solteiro(a)
Masculino,Vitor Gabriel Gomes,Casado(a)
Masculino,Carlos Eduardo da Paz,Casado(a)
Feminino,Amanda Costa,Casado(a)
Feminino,João Felipe Pires,Casado(a)
Masculino,Carolina Novaes,Solteiro(a)
Masculino,Dr. Yago da Cruz,Solteiro(a)
Feminino,Dra. Fernanda Rocha,Casado(a)
Feminino,Marcos Vinicius Nascimento,Casado(a)
Masculino,Lorena Pinto,Casado(a)
Feminino,Maria Luiza Costela,Solteiro(a)
Feminino,Maria Eduarda Pereira,Casado(a)
Masculino,Julia Azevedo,Casado(a)
Masculino,Benício Azevedo,Casado(a)
Feminino,Alice Sales,Solteiro(a)
Masculino,Maria Vitória Silveira,Solteiro(a)
Masculino,Theo Lima,Solteiro(a)
Feminino,Isabel Fogaça,Casado(a)
Feminino,Ana Lívia Gonçalves,Solteiro(a)
Masculino,Maria Fernanda Novaes,Casado(a)
Masculino,Srta. Laís Nunes,Solteiro(a)
Masculino,Yago da Rocha,Solteiro(a)
Masculino,Nicolas Azevedo,Casado(a)
Masculino,Caroline Moraes,Solteiro(a)
Masculino,Sr. Renan Monteiro,Casado(a)
Masculino,Benício Ribeiro,Solteiro(a)
Feminino,Letícia Duarte,Casado(a)
Feminino,Rafael Lima,Casado(a)
Masculino,Maria Moraes,Solteiro(a)
Masculino,Bruno Pereira,Solteiro(a)
Masculino,Breno Fogaça,Solteiro(a)
Masculino,Luiz Henrique Araújo,Solteiro(a)
Feminino,Dr. João Felipe Carvalho,Casado(a)
Feminino,Eloah da Cunha,Solteiro(a)
Feminino,Ana Clara Moura,Solteiro(a)
Feminino,Vitor Gabriel Peixoto,Solteiro(a)
Feminino,Ryan Nunes,Casado(a)
Feminino,Srta. Lorena Ramos,Solteiro(a)
Feminino,André Costela,Casado(a)
Feminino,Elisa Silva,Solteiro(a)
Masculino,Antônio Nascimento,Casado(a)
Feminino,Pedro Henrique Rocha,Solteiro(a)
Feminino,Sarah Viana,Casado(a)
Feminino,Sophia da Costa,Solteiro(a)
Masculino,Samuel Freitas,Casado(a)
Masculino,Thomas Silveira,Solteiro(a)
Masculino,Yasmin Ferreira,Casado(a)
Masculino,Isabella Mendes,Solteiro(a)
Feminino,Sr. Benjamin Barros,Casado(a)
Feminino,Sr. Fernando Aragão,Casado(a)
Masculino,Arthur Moura,Solteiro(a)
Feminino,Dra. Nina da Costa,Casado(a)
Feminino,Carolina Pinto,Solteiro(a)
Masculino,Emanuelly Ribeiro,Casado(a)
Feminino,Maria Vitória Azevedo,Casado(a)
Feminino,Sr. Davi Lucas Lopes,Solteiro(a)
Masculino,Ana Nascimento,Casado(a)
Feminino,Elisa Carvalho,Casado(a)
Masculino,João Felipe Melo,Casado(a)
Feminino,Maria Vitória Lima,Casado(a)
Feminino,Alexandre Gomes,Solteiro(a)
Feminino,Sabrina Cardoso,Solteiro(a)
Feminino,Ian Novaes,Casado(a)
Masculino,Pietra Caldeira,Solteiro(a)
Feminino,Dra. Natália Silveira,Casado(a)
Feminino,Mariana Vieira,Solteiro(a)
Feminino,Carolina Campos,Solteiro(a)
Feminino,Luiz Henrique da Rosa,Solteiro(a)
Masculino,Joana Correia,Solteiro(a)
Feminino,Clara FariasFernandes,Solteiro(a)
Masculino,Ana Beatriz Ferreira,Solteiro(a)
Masculino,Maria Alice Mendes,Solteiro(a)
Feminino,Calebe Jesus,Casado(a)
Masculino,Bianca Almeida,Solteiro(a)
Masculino,Cecília Almeida,Casado(a)
Masculino,Thomas Mendes,Casado(a)
Feminino,Juliana Duarte,Solteiro(a)
Feminino,Fernanda Ramos,Solteiro(a)
Feminino,Luiza Souza,Solteiro(a)
Masculino,Pedro Lucas Sales,Solteiro(a)
Masculino,Srta. Luna da Paz,Casado(a)
Masculino,Manuela Rocha,Solteiro(a)
Masculino,Felipe Almeida,Casado(a)
Feminino,Yuri Gonçalves,Casado(a)
Feminino,Luiz Otávio Moura,Solteiro(a)
Feminino,Thiago Castro,Solteiro(a)
Feminino,Dr. Vitor Hugo Gonçalves,Solteiro(a)
Masculino,Sra. Sophia da Luz,Solteiro(a)
Masculino,Ana Julia Lima,Solteiro(a)
Masculino,Isabella da Costa,Casado(a)
Masculino,Isabel da Mota,Solteiro(a)
Masculino,Mariana Alves,Solteiro(a)
Feminino,Lívia Moura,Solteiro(a)
Masculino,João Vitor Lopes,Solteiro(a)
Feminino,Kevin Correia,Casado(a)
Masculino,Guilherme Caldeira,Casado(a)
Feminino,Beatriz Lima,Casado(a)
Masculino,Luiz Gustavo Silva,Casado(a)
Feminino,Laís Souza,Solteiro(a)
Feminino,Ana Julia Dias,Solteiro(a)
Masculino,Dr. Luiz Henrique Lima,Solteiro(a)
Masculino,Luana Pinto,Casado(a)
Feminino,Dra. Esther Barros,Casado(a)
Feminino,Lucca da Cruz,Solteiro(a)
Feminino,Matheus da Rosa,Solteiro(a)
Feminino,Luiz Otávio Monteiro,Solteiro(a)
Feminino,Henrique Cunha,Casado(a)
Masculino,Davi Lucca da Cunha,Casado(a)
Masculino,Luigi das Neves,Casado(a)
Feminino,Marcelo da Rocha,Solteiro(a)
Feminino,Arthur Pinto,Solteiro(a)
Masculino,Isadora Oliveira,Casado(a)
Masculino,João Vitor Rocha,Solteiro(a)
Masculino,Dr. Kevin Araújo,Casado(a)
Feminino,Daniela Moura,Casado(a)
Feminino,Lorena Souza,Casado(a)
Masculino,Luna Oliveira,Solteiro(a)
Feminino,Dr. Yuri Lopes,Solteiro(a)
Masculino,Vicente Jesus,Solteiro(a)
Feminino,Catarina Freitas,Casado(a)
Feminino,Ana Júlia Ramos,Solteiro(a)
Masculino,Clarice Monteiro,Casado(a)
Masculino,Vitor Gabriel Monteiro,Solteiro(a)
Masculino,Marcos Vinicius Teixeira,Casado(a)
Feminino,Emilly Pereira,Solteiro(a)
Feminino,Alexandre Aragão,Casado(a)
Feminino,Maria Eduarda Mendes,Solteiro(a)
Masculino,Júlia Porto,Solteiro(a)
Masculino,Heitor Fogaça,Casado(a)
Feminino,Lavínia da Mota,Casado(a)
Masculino,Guilherme da Conceição,Solteiro(a)
Masculino,Felipe Monteiro,Solteiro(a)
Feminino,João Felipe da Mota,Solteiro(a)
Masculino,Bruna Silva,Solteiro(a)
Feminino,Vitor Gabriel Monteiro,Solteiro(a)
Masculino,Luigi Martins,Solteiro(a)
Masculino,Lorena Gonçalves,Solteiro(a)
Masculino,Sabrina Duarte,Casado(a)
Feminino,Alexandre FariasFernandes,Solteiro(a)
Feminino,Stella Costa,Casado(a)
Masculino,Nina das Neves,Solteiro(a)
Masculino,Elisa da Rosa,Casado(a)
Masculino,Francisco Gonçalves,Solteiro(a)
Feminino,Francisco Correia,Casado(a)
Feminino,Rafaela Ribeiro,Solteiro(a)
Masculino,Sra. Lorena Porto,Solteiro(a)
Feminino,João Lucas da Costa,Solteiro(a)
Masculino,Marcela Campos,Solteiro(a)
Feminino,Dr. Fernando da Mata,Casado(a)
Masculino,Evelyn Moreira,Casado(a)
Masculino,Ana Clara Cunha,Solteiro(a)
Masculino,Luiz Felipe Souza,Casado(a)
Feminino,Eduardo FariasFernandes,Casado(a)
Masculino,Gabriela Viana,Solteiro(a)
Masculino,Fernanda Gonçalves,Solteiro(a)
Feminino,Emanuelly Alves,Casado(a)
Masculino,Enzo Gabriel Castro,Solteiro(a)
Masculino,Dr. Enrico Ribeiro,Casado(a)
Feminino,Enrico Correia,Casado(a)
Feminino,Nicole Ribeiro,Solteiro(a)
Feminino,Sra. Brenda Porto,Solteiro(a)
Masculino,Gustavo Monteiro,Casado(a)
Masculino,Davi Lucas Lima,Solteiro(a)
Feminino,Sra. Camila Oliveira,Solteiro(a)
Feminino,Dr. Bernardo Dias,Casado(a)
Masculino,Sra. Isabelly Campos,Casado(a)
Feminino,Bruno da Mata,Casado(a)
Masculino,Bruno Pinto,Casado(a)
Feminino,Sr. João Miguel Rocha,Solteiro(a)
Feminino,Valentina Nunes,Casado(a)
Feminino,Larissa da Mata,Casado(a)
Masculino,Vitor Gabriel Pinto,Solteiro(a)
Masculino,Carlos Eduardo Martins,Solteiro(a)
Feminino,Dr. Lucas Gabriel Teixeira,Solteiro(a)
Feminino,Diego Rocha,Casado(a)
Feminino,Ana Sophia Melo,Casado(a)
Feminino,Daniel da Rocha,Solteiro(a)
Masculino,Ian Mendes,Solteiro(a)
Masculino,Isabella Souza,Solteiro(a)
Feminino,Anthony Lima,Casado(a)
Feminino,Igor Nascimento,Casado(a)
Feminino,Alana Vieira,Solteiro(a)
Masculino,João Vitor Moreira,Solteiro(a)
Feminino,Lucas Pires,Solteiro(a)
Feminino,Brenda Moraes,Solteiro(a)
Masculino,Noah Caldeira,Casado(a)
Masculino,Gustavo Henrique Costa,Solteiro(a)
Feminino,Elisa da Mota,Casado(a)
Masculino,Yuri Sales,Casado(a)
Feminino,Luiz Henrique Cavalcanti,Solteiro(a)
Masculino,Lara Ramos,Casado(a)
Masculino,Sra. Gabriela Fogaça,Solteiro(a)
Masculino,Isaac Alves,Casado(a)
Masculino,Ana Sophia Souza,Casado(a)
Feminino,João Miguel Azevedo,Casado(a)
Masculino,Helena Duarte,Solteiro(a)
Masculino,Dr. Lorenzo Mendes,Casado(a)
Masculino,Isabel Lopes,Solteiro(a)
Masculino,Sra. Alice da Cruz,Solteiro(a)
Feminino,Dra. Sophia Correia,Casado(a)
Masculino,Enzo Nogueira,Solteiro(a)
Feminino,Fernanda Caldeira,Casado(a)
Masculino,Maria Vitória da Mota,Solteiro(a)
Feminino,Julia da Paz,Solteiro(a)
Masculino,Ana Cavalcanti,Solteiro(a)
Masculino,Davi Oliveira,Casado(a)
Feminino,Kevin da Mota,Casado(a)
Masculino,Marcelo Cardoso,Solteiro(a)
Masculino,Ana Júlia Carvalho,Casado(a)
Masculino,Nicolas Alves,Solteiro(a)
Masculino,Nathan FariasFernandes,Solteiro(a)
Masculino,Catarina Mendes,Solteiro(a)
Masculino,Sofia Sales,Solteiro(a)
Masculino,Juliana Gomes,Casado(a)
Masculino,Dr. Davi das Neves,Solteiro(a)
Masculino,Srta. Julia Silveira,Casado(a)
Masculino,Isabelly Gomes,Solteiro(a)
Feminino,Cauê Ribeiro,Solteiro(a)
Feminino,Vitor Duarte,Casado(a)
Masculino,Luiz Gustavo da Paz,Solteiro(a)
Feminino,Srta. Lara Novaes,Casado(a)
Feminino,Lorena das Neves,Solteiro(a)
Feminino,Catarina da Conceição,Casado(a)
Masculino,Renan Rezende,Casado(a)
Feminino,Fernando Porto,Casado(a)
Masculino,Vitória Campos,Solteiro(a)
Feminino,Joana Sales,Casado(a)
Masculino,Helena Souza,Casado(a)
Feminino,Fernanda Novaes,Casado(a)
Masculino,Nina Pinto,Casado(a)
Feminino,Rebeca Barros,Casado(a)
Feminino,Alana da Cunha,Solteiro(a)
Masculino,Gustavo Freitas,Casado(a)
Feminino,Melissa Porto,Casado(a)
Feminino,Esther Vieira,Casado(a)
Masculino,Sophia Cunha,Casado(a)
Feminino,Nicole Moraes,Casado(a)
Masculino,João Pedro Moura,Casado(a)
Feminino,Ana Clara Rodrigues,Solteiro(a)
Feminino,Davi Lucca Ribeiro,Solteiro(a)
Feminino,Bárbara da Cruz,Casado(a)
Masculino,Luana Melo,Casado(a)
Feminino,Antônio Silveira,Casado(a)
Masculino,Benício Ramos,Casado(a)
Masculino,Giovanna Cardoso,Solteiro(a)
Masculino,Theo Nascimento,Casado(a)
Masculino,Sra. Ana Carolina Moura,Solteiro(a)
Feminino,Thomas Costa,Solteiro(a)
Masculino,Erick Rocha,Solteiro(a)
Masculino,Henrique Teixeira,Solteiro(a)
Masculino,Esther Barbosa,Solteiro(a)
Feminino,Srta. Stella da Mota,Solteiro(a)
Feminino,João Vitor Ramos,Casado(a)
Masculino,Natália Melo,Casado(a)
Masculino,Bianca Nogueira,Solteiro(a)
Feminino,Gabrielly Correia,Casado(a)
Feminino,Vitor Gabriel Silveira,Solteiro(a)
Feminino,Ana Júlia Dias,Solteiro(a)
Feminino,Dr. Breno Pires,Casado(a)
Masculino,Pedro Henrique Nogueira,Casado(a)
Feminino,Luiz Henrique Pereira,Solteiro(a)
Feminino,Julia Sales,Casado(a)
Feminino,Esther da Mata,Solteiro(a)
Feminino,Catarina Silva,Solteiro(a)
Masculino,Eduarda Correia,Solteiro(a)
Masculino,João Vitor Alves,Solteiro(a)
Masculino,Laís da Costa,Solteiro(a)
Feminino,Henrique Viana,Solteiro(a)
Masculino,Thomas Caldeira,Casado(a)
Masculino,Srta. Rebeca Cardoso,Solteiro(a)
Masculino,Laís Sales,Casado(a)
Feminino,Maria Fernanda da Conceição,Solteiro(a)
Feminino,Augusto Martins,Solteiro(a)
Masculino,Mariane da Conceição,Casado(a)
Feminino,Dr. Daniel Aragão,Solteiro(a)
Masculino,Sra. Isabel da Mota,Solteiro(a)
Masculino,Gustavo Henrique Araújo,Casado(a)
Masculino,Arthur Souza,Casado(a)
Masculino,Júlia Rocha,Casado(a)
Feminino,Maitê Santos,Solteiro(a)
Feminino,Rafaela da Rocha,Solteiro(a)
Feminino,Sra. Kamilly Azevedo,Solteiro(a)
Feminino,Maria Julia Duarte,Casado(a)
Masculino,Sr. Thiago Mendes,Solteiro(a)
Feminino,Fernanda Sales,Casado(a)
Feminino,Emanuelly Fogaça,Casado(a)
Masculino,Davi Correia,Casado(a)
Masculino,Ana Julia Rezende,Casado(a)
Feminino,Juliana Souza,Casado(a)
Feminino,Sra. Isabel Lima,Solteiro(a)
Masculino,Ana Luiza Gonçalves,Casado(a)
Masculino,Luana da Conceição,Casado(a)
Feminino,Luiz Miguel das Neves,Solteiro(a)
Masculino,Dr. Pietro Aragão,Solteiro(a)
Feminino,Leandro da Costa,Solteiro(a)
Feminino,Pedro Miguel Souza,Solteiro(a)
Feminino,Daniel Rezende,Solteiro(a)
Masculino,Leonardo Castro,Casado(a)
Feminino,Dr. Marcelo da Paz,Casado(a)
Feminino,Cecília Novaes,Casado(a)
Masculino,Vitória Souza,Solteiro(a)
Masculino,Sr. Rafael da Cruz,Casado(a)
Feminino,Dra. Luna Lopes,Casado(a)
Feminino,Dr. Enrico Martins,Casado(a)
Masculino,Augusto Almeida,Solteiro(a)
Feminino,Bianca Pires,Casado(a)
Feminino,Luiz Felipe Silva,Casado(a)
Masculino,Pedro Miguel Novaes,Solteiro(a)
Masculino,Enzo Gabriel Castro,Casado(a)
Masculino,Luna Costa,Solteiro(a)
Masculino,Clarice Cavalcanti,Solteiro(a)
Masculino,Dr. Lucas Monteiro,Solteiro(a)
Feminino,Pedro Moreira,Casado(a)
Masculino,Sr. Vitor Freitas,Casado(a)
Masculino,Emanuel Fogaça,Casado(a)
Feminino,Ana Sophia Peixoto,Solteiro(a)
Feminino,Miguel Melo,Solteiro(a)
Feminino,Benício Ribeiro,Solteiro(a)
Masculino,Sabrina Jesus,Solteiro(a)
Masculino,Dr. Fernando Vieira,Casado(a)
Feminino,Dra. Natália Ramos,Casado(a)
Feminino,Enzo Martins,Solteiro(a)
Feminino,Lavínia Rodrigues,Solteiro(a)
Feminino,Luiz Miguel da Luz,Solteiro(a)
Masculino,Nicolas Jesus,Solteiro(a)
Masculino,Lucas Gabriel Viana,Casado(a)
Masculino,Raul Fogaça,Solteiro(a)
Feminino,Vitor Hugo Oliveira,Casado(a)
Feminino,Dr. Marcos Vinicius Melo,Casado(a)
Feminino,Enzo Gabriel da Rocha,Casado(a)
Feminino,Thomas da Luz,Casado(a)
Masculino,Theo da Costa,Casado(a)
Masculino,Enzo Gabriel Peixoto,Casado(a)
Feminino,Vitória Pinto,Solteiro(a)
Feminino,Thomas da Paz,Casado(a)
Feminino,Pedro Lucas da Mata,Casado(a)
Masculino,Miguel Costa,Casado(a)
Feminino,Gustavo Lima,Casado(a)
Masculino,Guilherme Costela,Solteiro(a)
Masculino,Ana Lívia Oliveira,Casado(a)
Masculino,Dra. Bianca da Paz,Solteiro(a)
Feminino,Alexia Barbosa,Casado(a)
Masculino,Bárbara Freitas,Casado(a)
Masculino,Júlia Jesus,Casado(a)
Feminino,Luiz Otávio Santos,Casado(a)
Feminino,Maysa Souza,Solteiro(a)
Feminino,Luiz Gustavo Azevedo,Solteiro(a)
Masculino,Isaac Silveira,Solteiro(a)
Masculino,Ana Julia Viana,Casado(a)
Feminino,Breno da Mata,Solteiro(a)
Feminino,Ana Julia Silva,Casado(a)
Masculino,Stella Ramos,Casado(a)
Masculino,Luiz Otávio Costela,Casado(a)
Feminino,Luiz Miguel Castro,Solteiro(a)
Feminino,Mariane Souza,Solteiro(a)
Feminino,Benjamin Pereira,Solteiro(a)
Masculino,Heitor Silva,Solteiro(a)
Masculino,Pedro Lucas Sales,Solteiro(a)
Masculino,Maria Alice Costa,Solteiro(a)
Feminino,Sr. Rodrigo Campos,Solteiro(a)
Masculino,Maria Sophia Jesus,Casado(a)
Masculino,Emanuelly Silveira,Solteiro(a)
Feminino,Ana Laura Pereira,Casado(a)
Masculino,Luiz Miguel Moura,Casado(a)
Masculino,Mirella Rodrigues,Solteiro(a)
Feminino,Vitor Gabriel da Luz,Casado(a)
Masculino,Sr. Nicolas Mendes,Solteiro(a)
Feminino,Sra. Alexia Duarte,Casado(a)
Masculino,Maria Luiza Peixoto,Casado(a)
Masculino,Gabriela Freitas,Solteiro(a)
Feminino,Cauê Araújo,Solteiro(a)
Feminino,Sr. Matheus Porto,Casado(a)
Masculino,Lara da Rocha,Casado(a)
Masculino,Sabrina Caldeira,Solteiro(a)
Masculino,Rafael Souza,Solteiro(a)
Feminino,Rodrigo Santos,Solteiro(a)
Masculino,Rafaela Almeida,Casado(a)
Masculino,Pedro Lucas Costa,Solteiro(a)
Masculino,Emilly da Mata,Casado(a)
Masculino,Diego Araújo,Casado(a)
Feminino,André Almeida,Solteiro(a)
Feminino,Calebe Melo,Casado(a)
Feminino,Cecília Martins,Casado(a)
Masculino,Antônio Freitas,Casado(a)
Feminino,Dr. Lucca da Mata,Solteiro(a)
Masculino,Caio Pereira,Casado(a)
Masculino,Enzo Monteiro,Casado(a)
Feminino,Mariane Ribeiro,Solteiro(a)
Masculino,Marcos Vinicius Castro,Casado(a)
Feminino,Nina Gonçalves,Solteiro(a)
Masculino,Raul Alves,Solteiro(a)
Feminino,Dr. Antônio Almeida,Solteiro(a)
Masculino,Guilherme Correia,Solteiro(a)
Masculino,Dra. Milena Peixoto,Casado(a)
Feminino,João Felipe Duarte,Solteiro(a)
Masculino,Renan Pereira,Casado(a)
Masculino,Ian Novaes,Solteiro(a)
Feminino,Henrique da Costa,Solteiro(a)
Masculino,Henrique Sales,Solteiro(a)
Masculino,Isabel Nascimento,Solteiro(a)
Feminino,Henrique da Cruz,Casado(a)
Feminino,Srta. Maria Luiza da Costa,Solteiro(a)
Masculino,Ana Laura Gomes,Solteiro(a)
Masculino,Bernardo Cunha,Casado(a)
Feminino,Lucca Fogaça,Casado(a)
Masculino,Ana Beatriz Rodrigues,Casado(a)
Masculino,Cauã Melo,Solteiro(a)
Masculino,Melissa Barbosa,Casado(a)
Masculino,Ana Clara da Costa,Casado(a)
Masculino,Bruno da Conceição,Solteiro(a)
Feminino,Enzo Cavalcanti,Solteiro(a)
Masculino,Mariane da Rocha,Solteiro(a)
Feminino,João Felipe Caldeira,Casado(a)
Masculino,Maria Fernanda Moraes,Casado(a)
Masculino,Leandro Melo,Casado(a)
Feminino,Letícia Freitas,Solteiro(a)
Feminino,Letícia Moraes,Casado(a)
Masculino,Bianca da Paz,Casado(a)
Masculino,Bryan Barbosa,Casado(a)
Feminino,Thomas Cardoso,Solteiro(a)
Masculino,Caroline Alves,Casado(a)
Feminino,Alexandre Costela,Solteiro(a)
